<?xml version='1.0' encoding='ISO-8859-1' ?>
<ftstdata>
<topic name="Asserting Operation Results" url="asserting_operation_results.htm" />
<topic name="Blank Checking Memory" url="blank_checking_memory.htm" />
<topic name="Blank Checking Memory" url="blank_checking_memory_batchisp.htm" />
<topic name="CAN Interfaces" url="can_interfaces.htm" />
<topic name="CAN Pre-Installation Requirements" url="can_pre-installation_requirements.htm" />
<topic name="Changing the On Fail Behavior" url="changing_the_on_fail_behavior.htm" />
<topic name="Closing a CAN Node" url="closing_a_can_node.htm" />
<topic name="Editing the Buffer" url="editing_the_buffer.htm" />
<topic name="Erasing Memory" url="erasing_memory.htm" />
<topic name="Erasing Memory" url="erasing_memory_batchisp.htm" />
<topic name="FAQ" url="faq.htm" />
<topic name="Filling the Buffer" url="filling_the_buffer.htm" />
<topic name="Getting Help" url="getting_help.htm" />
<topic name="Getting Started" url="getting_started.htm" />
<topic name="Getting the Batchisp Program Version" url="getting_the_batchisp_program_version.htm" />
<topic name="Overview" url="index.htm" />
<topic name="Inserting Wait States" url="inserting_wait_states.htm" />
<topic name="Launching the Embedded Application" url="launching_the_embedded_application_batch.htm" />
<topic name="Loading a HEX File" url="loading_a_hex_file.htm" />
<topic name="Loading the ISP Buffer" url="loading_the_isp_buffer.htm" />
<topic name="Logging Results to a File" url="logging_results_to_a_file.htm" />
<topic name="Opening a CAN Node" url="opening_a_can_node.htm" />
<topic name="Operations Directives Summary" url="operations_directives_summary.htm" />
<topic name="Operations Summary" url="operations_summary.htm" />
<topic name="Overview" url="overview_1.htm" />
<topic name="Overview" url="overview_isplib.htm" />
<topic name="Programming Memory" url="programming_memory.htm" />
<topic name="Programming Memory" url="programming_memory_batchisp.htm" />
<topic name="Reading and Writing Special Bits and Bytes" url="reading_and_writing_special_bits_and_bytes.htm" />
<topic name="Reading Memory" url="reading_memory.htm" />
<topic name="Reading Memory" url="reading_memory_batch.htm" />
<topic name="RS232" url="rs232.htm" />
<topic name="Saving the Buffer Contents to a File" url="saving_the_buffer_contents_to_a_file.htm" />
<topic name="Selecting a Communication Medium" url="selecting_a_communication_medium.htm" />
<topic name="Selecting a Device" url="selecting_a_device.htm" />
<topic name="Selecting a Device" url="selecting_a_device_batchisp.htm" />
<topic name="Selecting a Port" url="selecting_a_port.htm" />
<topic name="Selecting an ISP Hardware" url="selecting_an_isp_hardware.htm" />
<topic name="Selecting the Target Memory" url="selecting_the_target_memory.htm" />
<topic name="Selecting the Target Memory" url="selecting_the_target_memory_batchisp.htm" />
<topic name="Serializing Parts" url="serializing_parts.htm" />
<topic name="Setting Buffer Options" url="setting_buffer_options.htm" />
<topic name="Setting Demo Mode" url="setting_demo_mode.htm" />
<topic name="Setting Preferences" url="setting_preferences.htm" />
<topic name="Setting Special Bits and Bytes" url="setting_special_bits_and_bytes.htm" />
<topic name="Setting the AutoISP Mode" url="setting_the_autoisp_mode.htm" />
<topic name="Setting the CAN Bitrate" url="setting_the_can_bitrate.htm" />
<topic name="Setting the Debug Mode" url="setting_the_debug_mode.htm" />
<topic name="Setting the Demo Mode" url="setting_the_demo_mode.htm" />
<topic name="Setting the RS232 Baudrate" url="setting_the_rs232_baudrate.htm" />
<topic name="Setting Timeout" url="setting_timeout.htm" />
<topic name="Setting Up the AutoISP Mode" url="setting_up_the_autoisp_mode.htm" />
<topic name="Setting Up the CAN Interface" url="setting_up_the_can_interface.htm" />
<topic name="Setting Up the RS232 Interface" url="setting_up_the_rs232_interface.htm" />
<topic name="Setting Up the USB Interface" url="setting_up_the_usb_interface.htm" />
<topic name="Setup Directives Summary" url="setup_directives_summary.htm" />
<topic name="Software Architecture" url="software_architecture.htm" />
<topic name="Specifying a Range of Addresses" url="specifying_a_range_of_addresses.htm" />
<topic name="Trouble Shooting USB" url="trouble_shooting_usb.htm" />
<topic name="USB Driver Installation" url="usb_driver_installation.htm" />
<topic name="Using a Command File" url="using_a_command_file.htm" />
<topic name="Using the Operations Flow" url="using_the_operations_flow.htm" />
<topic name="Verifying Memory" url="verifying_memory.htm" />
<topic name="Verifying Memory" url="verifying_memory_batchisp.htm" />

</ftstdata>  
